Time,Violation,TrackID,Plate,Lat,Lon
2026-04-20 10:35:30,No Helmet,0,outputs/images/violation_0.jpg,30.3398,76.3869
2026-04-20 10:35:31,No Helmet,43,outputs/images/violation_43.jpg,30.3398,76.3869
2026-04-20 10:35:32,No Helmet,82,outputs/images/violation_82.jpg,30.3398,76.3869
2026-04-20 10:35:33,No Helmet,115,outputs/images/violation_115.jpg,30.3398,76.3869
2026-04-20 10:35:34,No Helmet,135,outputs/images/violation_135.jpg,30.3398,76.3869
2026-04-20 10:35:35,No Helmet,157,outputs/images/violation_157.jpg,30.3398,76.3869
2026-04-20 10:35:36,No Helmet,178,outputs/images/violation_178.jpg,30.3398,76.3869
2026-04-20 10:35:37,No Helmet,206,outputs/images/violation_206.jpg,30.3398,76.3869
2026-04-20 13:40:23,No Helmet,0,outputs/images/violation_0.jpg,30.3398,76.3869
2026-04-20 13:40:23,No Helmet,1,outputs/images/violation_1.jpg,30.3398,76.3869
2026-04-20 13:40:24,No Helmet,1,outputs/images/violation_1.jpg,30.3398,76.3869
2026-04-20 13:40:25,No Helmet,1,outputs/images/violation_1.jpg,30.3398,76.3869
2026-04-20 13:40:26,No Helmet,1,outputs/images/violation_1.jpg,30.3398,76.3869
2026-04-20 13:40:27,No Helmet,1,outputs/images/violation_1.jpg,30.3398,76.3869
2026-04-20 13:40:28,No Helmet,1,outputs/images/violation_1.jpg,30.3398,76.3869
2026-04-20 13:40:29,No Helmet,1,outputs/images/violation_1.jpg,30.3398,76.3869
2026-04-20 13:40:30,No Helmet,1,outputs/images/violation_1.jpg,30.3398,76.3869
2026-04-20 13:40:31,No Helmet,1,outputs/images/violation_1.jpg,30.3398,76.3869
2026-04-20 13:40:33,No Helmet,1,outputs/images/violation_1.jpg,30.3398,76.3869
2026-04-20 13:40:34,No Helmet,1,outputs/images/violation_1.jpg,30.3398,76.3869
2026-04-20 13:40:35,No Helmet,1,outputs/images/violation_1.jpg,30.3398,76.3869
2026-04-21 10:13:45,No Helmet,0,outputs/images/violation_0.jpg,30.3398,76.3869
2026-04-21 10:13:45,No Helmet,1,outputs/images/violation_1.jpg,30.3398,76.3869
2026-04-21 10:13:46,No Helmet,0,outputs/images/violation_0.jpg,30.3398,76.3869
2026-04-21 10:13:46,No Helmet,1,outputs/images/violation_1.jpg,30.3398,76.3869
2026-04-21 10:13:47,No Helmet,0,outputs/images/violation_0.jpg,30.3398,76.3869
2026-04-21 10:13:47,No Helmet,1,outputs/images/violation_1.jpg,30.3398,76.3869
2026-04-21 10:13:48,No Helmet,0,outputs/images/violation_0.jpg,30.3398,76.3869
2026-04-21 10:13:48,No Helmet,1,outputs/images/violation_1.jpg,30.3398,76.3869
2026-04-21 10:13:49,No Helmet,0,outputs/images/violation_0.jpg,30.3398,76.3869
2026-04-21 10:13:49,No Helmet,1,outputs/images/violation_1.jpg,30.3398,76.3869
2026-04-21 10:13:50,No Helmet,5,outputs/images/violation_5.jpg,30.3398,76.3869
2026-04-21 10:13:50,No Helmet,0,outputs/images/violation_0.jpg,30.3398,76.3869
2026-04-21 10:13:50,No Helmet,1,outputs/images/violation_1.jpg,30.3398,76.3869
2026-04-21 10:13:51,No Helmet,0,outputs/images/violation_0.jpg,30.3398,76.3869
2026-04-21 10:13:51,No Helmet,1,outputs/images/violation_1.jpg,30.3398,76.3869
2026-04-21 10:13:52,No Helmet,0,outputs/images/violation_0.jpg,30.3398,76.3869
2026-04-21 10:13:52,No Helmet,1,outputs/images/violation_1.jpg,30.3398,76.3869
2026-04-21 10:13:53,No Helmet,0,outputs/images/violation_0.jpg,30.3398,76.3869
2026-04-21 10:13:53,No Helmet,1,outputs/images/violation_1.jpg,30.3398,76.3869
2026-04-21 10:25:19,No Helmet,0,outputs/images/violation_0.jpg,30.3398,76.3869
2026-04-21 10:25:19,No Helmet,1,outputs/images/violation_1.jpg,30.3398,76.3869
2026-04-21 10:25:20,No Helmet,0,outputs/images/violation_0.jpg,30.3398,76.3869
2026-04-21 10:25:21,No Helmet,1,outputs/images/violation_1.jpg,30.3398,76.3869
2026-04-21 10:25:21,No Helmet,3,outputs/images/violation_3.jpg,30.3398,76.3869
2026-04-21 10:25:22,No Helmet,0,outputs/images/violation_0.jpg,30.3398,76.3869
2026-04-21 10:25:22,No Helmet,1,outputs/images/violation_1.jpg,30.3398,76.3869
2026-04-21 10:25:23,No Helmet,1,outputs/images/violation_1.jpg,30.3398,76.3869
2026-04-21 10:25:23,No Helmet,0,outputs/images/violation_0.jpg,30.3398,76.3869
2026-04-21 10:25:24,No Helmet,0,outputs/images/violation_0.jpg,30.3398,76.3869
2026-04-21 10:25:24,No Helmet,1,outputs/images/violation_1.jpg,30.3398,76.3869
2026-04-21 10:25:25,No Helmet,0,outputs/images/violation_0.jpg,30.3398,76.3869
2026-04-21 10:25:25,No Helmet,1,outputs/images/violation_1.jpg,30.3398,76.3869
2026-04-21 10:25:26,No Helmet,0,outputs/images/violation_0.jpg,30.3398,76.3869
2026-04-21 10:25:26,No Helmet,1,outputs/images/violation_1.jpg,30.3398,76.3869
2026-04-21 10:25:27,No Helmet,0,outputs/images/violation_0.jpg,30.3398,76.3869
2026-04-21 10:25:27,No Helmet,1,outputs/images/violation_1.jpg,30.3398,76.3869
2026-04-21 10:25:28,No Helmet,0,outputs/images/violation_0.jpg,30.3398,76.3869
2026-04-21 10:25:28,No Helmet,1,outputs/images/violation_1.jpg,30.3398,76.3869
2026-04-21 10:25:29,No Helmet,0,outputs/images/violation_0.jpg,30.3398,76.3869
2026-04-21 10:25:29,No Helmet,1,outputs/images/violation_1.jpg,30.3398,76.3869
2026-04-21 10:25:30,No Helmet,0,outputs/images/violation_0.jpg,30.3398,76.3869
2026-04-21 10:25:30,No Helmet,1,outputs/images/violation_1.jpg,30.3398,76.3869
2026-04-21 10:25:31,No Helmet,0,outputs/images/violation_0.jpg,30.3398,76.3869
2026-04-21 10:25:31,No Helmet,1,outputs/images/violation_1.jpg,30.3398,76.3869
2026-04-21 10:25:32,No Helmet,0,outputs/images/violation_0.jpg,30.3398,76.3869
2026-04-21 10:25:32,No Helmet,1,outputs/images/violation_1.jpg,30.3398,76.3869
2026-04-21 10:25:33,No Helmet,0,outputs/images/violation_0.jpg,30.3398,76.3869
2026-04-21 10:25:33,No Helmet,1,outputs/images/violation_1.jpg,30.3398,76.3869
2026-04-21 10:25:34,No Helmet,0,outputs/images/violation_0.jpg,30.3398,76.3869
2026-04-21 10:25:34,No Helmet,1,outputs/images/violation_1.jpg,30.3398,76.3869
2026-04-21 10:25:34,No Helmet,5,outputs/images/violation_5.jpg,30.3398,76.3869
2026-04-21 10:25:34,No Helmet,7,outputs/images/violation_7.jpg,30.3398,76.3869
2026-04-21 10:25:35,No Helmet,0,outputs/images/violation_0.jpg,30.3398,76.3869
2026-04-21 10:25:35,No Helmet,1,outputs/images/violation_1.jpg,30.3398,76.3869
2026-04-21 10:25:36,No Helmet,0,outputs/images/violation_0.jpg,30.3398,76.3869
2026-04-21 10:25:36,No Helmet,1,outputs/images/violation_1.jpg,30.3398,76.3869
2026-04-21 10:25:37,No Helmet,0,outputs/images/violation_0.jpg,30.3398,76.3869
2026-04-21 10:25:37,No Helmet,1,outputs/images/violation_1.jpg,30.3398,76.3869
2026-04-21 10:25:38,No Helmet,0,outputs/images/violation_0.jpg,30.3398,76.3869
2026-04-21 10:25:38,No Helmet,1,outputs/images/violation_1.jpg,30.3398,76.3869
2026-04-21 10:25:39,No Helmet,1,outputs/images/violation_1.jpg,30.3398,76.3869
2026-04-21 10:25:39,No Helmet,0,outputs/images/violation_0.jpg,30.3398,76.3869
2026-04-21 10:25:39,No Helmet,12,outputs/images/violation_12.jpg,30.3398,76.3869
2026-04-21 10:25:40,No Helmet,13,outputs/images/violation_13.jpg,30.3398,76.3869
2026-04-21 10:25:40,No Helmet,14,outputs/images/violation_14.jpg,30.3398,76.3869
2026-04-21 10:25:40,No Helmet,0,outputs/images/violation_0.jpg,30.3398,76.3869
2026-04-21 10:25:40,No Helmet,1,outputs/images/violation_1.jpg,30.3398,76.3869
2026-04-21 10:25:40,No Helmet,12,outputs/images/violation_12.jpg,30.3398,76.3869
2026-04-21 10:25:41,No Helmet,0,outputs/images/violation_0.jpg,30.3398,76.3869
2026-04-21 10:25:41,No Helmet,1,outputs/images/violation_1.jpg,30.3398,76.3869
2026-04-21 10:25:41,No Helmet,12,outputs/images/violation_12.jpg,30.3398,76.3869
2026-04-21 10:25:42,No Helmet,11,outputs/images/violation_11.jpg,30.3398,76.3869
2026-04-21 10:25:42,No Helmet,1,outputs/images/violation_1.jpg,30.3398,76.3869
2026-04-21 10:25:42,No Helmet,0,outputs/images/violation_0.jpg,30.3398,76.3869
2026-04-21 10:25:43,No Helmet,11,outputs/images/violation_11.jpg,30.3398,76.3869
2026-04-21 10:25:43,No Helmet,1,outputs/images/violation_1.jpg,30.3398,76.3869
2026-04-21 10:25:43,No Helmet,0,outputs/images/violation_0.jpg,30.3398,76.3869
2026-04-21 10:25:44,No Helmet,1,outputs/images/violation_1.jpg,30.3398,76.3869
2026-04-21 10:25:44,No Helmet,11,outputs/images/violation_11.jpg,30.3398,76.3869
2026-04-21 10:25:44,No Helmet,0,outputs/images/violation_0.jpg,30.3398,76.3869
2026-04-21 10:25:45,No Helmet,1,outputs/images/violation_1.jpg,30.3398,76.3869
2026-04-21 10:25:45,No Helmet,11,outputs/images/violation_11.jpg,30.3398,76.3869
2026-04-21 10:25:46,No Helmet,1,outputs/images/violation_1.jpg,30.3398,76.3869
2026-04-21 10:25:46,No Helmet,11,outputs/images/violation_11.jpg,30.3398,76.3869
2026-04-21 10:25:47,No Helmet,1,outputs/images/violation_1.jpg,30.3398,76.3869
2026-04-21 10:25:47,No Helmet,11,outputs/images/violation_11.jpg,30.3398,76.3869
2026-04-21 10:25:48,No Helmet,1,outputs/images/violation_1.jpg,30.3398,76.3869
2026-04-21 10:25:49,No Helmet,11,outputs/images/violation_11.jpg,30.3398,76.3869
2026-04-21 10:25:49,No Helmet,1,outputs/images/violation_1.jpg,30.3398,76.3869
2026-04-21 10:25:50,No Helmet,11,outputs/images/violation_11.jpg,30.3398,76.3869
2026-04-21 10:25:50,No Helmet,1,outputs/images/violation_1.jpg,30.3398,76.3869
2026-04-21 10:25:51,No Helmet,11,outputs/images/violation_11.jpg,30.3398,76.3869
2026-04-21 10:25:51,No Helmet,1,outputs/images/violation_1.jpg,30.3398,76.3869
2026-04-21 10:25:52,No Helmet,11,outputs/images/violation_11.jpg,30.3398,76.3869
2026-04-21 10:25:52,No Helmet,1,outputs/images/violation_1.jpg,30.3398,76.3869
2026-04-21 10:25:53,No Helmet,11,outputs/images/violation_11.jpg,30.3398,76.3869
2026-04-21 10:25:53,No Helmet,1,outputs/images/violation_1.jpg,30.3398,76.3869
2026-04-21 10:25:54,No Helmet,11,outputs/images/violation_11.jpg,30.3398,76.3869
2026-04-21 10:25:55,No Helmet,1,outputs/images/violation_1.jpg,30.3398,76.3869
2026-04-21 10:25:55,No Helmet,11,outputs/images/violation_11.jpg,30.3398,76.3869
2026-04-21 10:25:56,No Helmet,1,outputs/images/violation_1.jpg,30.3398,76.3869
2026-04-21 10:25:56,No Helmet,11,outputs/images/violation_11.jpg,30.3398,76.3869
2026-04-21 10:25:57,No Helmet,1,outputs/images/violation_1.jpg,30.3398,76.3869
2026-04-21 10:25:57,No Helmet,11,outputs/images/violation_11.jpg,30.3398,76.3869
2026-04-21 10:25:58,No Helmet,1,outputs/images/violation_1.jpg,30.3398,76.3869
2026-04-21 10:25:58,No Helmet,11,outputs/images/violation_11.jpg,30.3398,76.3869
2026-04-21 10:25:59,No Helmet,1,outputs/images/violation_1.jpg,30.3398,76.3869
2026-04-21 10:25:59,No Helmet,11,outputs/images/violation_11.jpg,30.3398,76.3869
2026-04-21 10:26:00,No Helmet,1,outputs/images/violation_1.jpg,30.3398,76.3869
2026-04-21 10:26:00,No Helmet,11,outputs/images/violation_11.jpg,30.3398,76.3869
2026-04-21 10:26:01,No Helmet,1,outputs/images/violation_1.jpg,30.3398,76.3869
2026-04-21 10:26:01,No Helmet,11,outputs/images/violation_11.jpg,30.3398,76.3869
2026-04-21 10:26:02,No Helmet,1,outputs/images/violation_1.jpg,30.3398,76.3869
2026-04-21 10:26:02,No Helmet,11,outputs/images/violation_11.jpg,30.3398,76.3869
2026-04-21 10:26:03,No Helmet,1,outputs/images/violation_1.jpg,30.3398,76.3869
2026-04-21 10:26:03,No Helmet,11,outputs/images/violation_11.jpg,30.3398,76.3869
2026-04-21 10:35:28,No Helmet,0,outputs/images/violation_0.jpg,30.3398,76.3869
2026-04-21 10:35:28,No Helmet,1,outputs/images/violation_1.jpg,30.3398,76.3869
2026-04-21 10:35:28,No Helmet,2,outputs/images/violation_2.jpg,30.3398,76.3869
2026-04-21 10:35:28,No Helmet,3,outputs/images/violation_3.jpg,30.3398,76.3869
2026-04-21 10:35:28,No Helmet,4,outputs/images/violation_4.jpg,30.3398,76.3869
2026-04-21 10:35:28,No Helmet,5,outputs/images/violation_5.jpg,30.3398,76.3869
2026-04-21 10:35:28,No Helmet,6,outputs/images/violation_6.jpg,30.3398,76.3869
2026-04-21 10:35:29,No Helmet,0,outputs/images/violation_0.jpg,30.3398,76.3869
2026-04-21 10:35:29,No Helmet,1,outputs/images/violation_1.jpg,30.3398,76.3869
2026-04-21 10:35:29,No Helmet,2,outputs/images/violation_2.jpg,30.3398,76.3869
2026-04-21 10:35:29,No Helmet,4,outputs/images/violation_4.jpg,30.3398,76.3869
2026-04-21 10:35:29,No Helmet,5,outputs/images/violation_5.jpg,30.3398,76.3869
2026-04-21 10:35:29,No Helmet,3,outputs/images/violation_3.jpg,30.3398,76.3869
2026-04-21 10:35:30,No Helmet,0,outputs/images/violation_0.jpg,30.3398,76.3869
2026-04-21 10:35:30,No Helmet,4,outputs/images/violation_4.jpg,30.3398,76.3869
2026-04-21 10:35:30,No Helmet,1,outputs/images/violation_1.jpg,30.3398,76.3869
2026-04-21 10:35:30,No Helmet,2,outputs/images/violation_2.jpg,30.3398,76.3869
2026-04-21 10:35:30,No Helmet,3,outputs/images/violation_3.jpg,30.3398,76.3869
2026-04-21 10:35:30,No Helmet,5,outputs/images/violation_5.jpg,30.3398,76.3869
2026-04-21 10:35:31,No Helmet,0,outputs/images/violation_0.jpg,30.3398,76.3869
2026-04-21 10:35:31,No Helmet,1,outputs/images/violation_1.jpg,30.3398,76.3869
2026-04-21 10:35:31,No Helmet,4,outputs/images/violation_4.jpg,30.3398,76.3869
2026-04-21 10:35:31,No Helmet,2,outputs/images/violation_2.jpg,30.3398,76.3869
2026-04-21 10:35:31,No Helmet,3,outputs/images/violation_3.jpg,30.3398,76.3869
2026-04-21 10:35:31,No Helmet,7,outputs/images/violation_7.jpg,30.3398,76.3869
2026-04-21 10:35:31,No Helmet,5,outputs/images/violation_5.jpg,30.3398,76.3869
2026-04-21 10:36:44,No Helmet,0,outputs/images/violation_0.jpg,30.3398,76.3869
2026-04-21 10:36:44,No Helmet,1,outputs/images/violation_1.jpg,30.3398,76.3869
2026-04-21 10:36:44,No Helmet,2,outputs/images/violation_2.jpg,30.3398,76.3869
2026-04-21 10:36:44,No Helmet,3,outputs/images/violation_3.jpg,30.3398,76.3869
2026-04-21 10:36:44,No Helmet,4,outputs/images/violation_4.jpg,30.3398,76.3869
2026-04-21 10:36:45,No Helmet,5,outputs/images/violation_5.jpg,30.3398,76.3869
2026-04-21 10:36:45,No Helmet,6,outputs/images/violation_6.jpg,30.3398,76.3869
2026-04-21 10:36:46,No Helmet,2,outputs/images/violation_2.jpg,30.3398,76.3869
2026-04-21 10:36:46,No Helmet,0,outputs/images/violation_0.jpg,30.3398,76.3869
2026-04-21 10:36:46,No Helmet,3,outputs/images/violation_3.jpg,30.3398,76.3869
2026-04-21 10:36:46,No Helmet,1,outputs/images/violation_1.jpg,30.3398,76.3869
2026-04-21 10:36:46,No Helmet,5,outputs/images/violation_5.jpg,30.3398,76.3869
2026-04-21 10:36:46,No Helmet,6,outputs/images/violation_6.jpg,30.3398,76.3869
2026-04-21 10:36:47,No Helmet,2,outputs/images/violation_2.jpg,30.3398,76.3869
2026-04-21 10:36:47,No Helmet,0,outputs/images/violation_0.jpg,30.3398,76.3869
2026-04-21 10:36:47,No Helmet,1,outputs/images/violation_1.jpg,30.3398,76.3869
2026-04-21 10:36:47,No Helmet,3,outputs/images/violation_3.jpg,30.3398,76.3869
2026-04-21 10:36:47,No Helmet,5,outputs/images/violation_5.jpg,30.3398,76.3869
2026-04-21 10:36:47,No Helmet,6,outputs/images/violation_6.jpg,30.3398,76.3869
2026-04-21 10:36:47,No Helmet,7,outputs/images/violation_7.jpg,30.3398,76.3869
2026-04-21 10:36:47,No Helmet,4,outputs/images/violation_4.jpg,30.3398,76.3869
2026-04-24 13:10:01,No Helmet,0,outputs/images/violation_0.jpg,30.3398,76.3869
2026-04-24 13:10:01,No Helmet,1,outputs/images/violation_1.jpg,30.3398,76.3869
2026-04-24 13:10:01,No Helmet,2,outputs/images/violation_2.jpg,30.3398,76.3869
2026-04-24 13:10:01,No Helmet,3,outputs/images/violation_3.jpg,30.3398,76.3869
2026-04-24 13:10:01,No Helmet,4,outputs/images/violation_4.jpg,30.3398,76.3869
2026-04-24 13:10:02,No Helmet,2,outputs/images/violation_2.jpg,30.3398,76.3869
2026-04-24 13:10:03,No Helmet,3,outputs/images/violation_3.jpg,30.3398,76.3869
2026-04-24 13:10:03,No Helmet,2,outputs/images/violation_2.jpg,30.3398,76.3869
2026-04-24 13:10:04,No Helmet,2,outputs/images/violation_2.jpg,30.3398,76.3869
2026-04-24 13:10:05,No Helmet,2,outputs/images/violation_2.jpg,30.3398,76.3869
2026-04-24 13:10:06,No Helmet,2,outputs/images/violation_2.jpg,30.3398,76.3869
2026-04-24 13:10:06,No Helmet,3,outputs/images/violation_3.jpg,30.3398,76.3869
2026-04-24 13:10:06,No Helmet,7,outputs/images/violation_7.jpg,30.3398,76.3869
2026-04-24 13:10:07,No Helmet,2,outputs/images/violation_2.jpg,30.3398,76.3869
2026-04-24 13:10:08,No Helmet,2,outputs/images/violation_2.jpg,30.3398,76.3869
2026-04-24 13:10:08,No Helmet,3,outputs/images/violation_3.jpg,30.3398,76.3869
2026-04-26 13:14:22,No Helmet,0,outputs/images/violation_0.jpg,30.3398,76.3869
2026-04-26 13:14:22,No Helmet,1,outputs/images/violation_1.jpg,30.3398,76.3869
2026-04-26 13:14:23,No Helmet,0,outputs/images/violation_0.jpg,30.3398,76.3869
2026-04-26 13:14:23,No Helmet,2,outputs/images/violation_2.jpg,30.3398,76.3869
2026-04-26 13:14:24,No Helmet,1,outputs/images/violation_1.jpg,30.3398,76.3869
2026-04-26 13:14:24,No Helmet,0,outputs/images/violation_0.jpg,30.3398,76.3869
2026-04-26 13:14:25,No Helmet,0,outputs/images/violation_0.jpg,30.3398,76.3869
2026-04-26 13:14:26,No Helmet,0,outputs/images/violation_0.jpg,30.3398,76.3869
2026-04-26 13:14:27,No Helmet,1,outputs/images/violation_1.jpg,30.3398,76.3869
2026-04-26 13:14:27,No Helmet,0,outputs/images/violation_0.jpg,30.3398,76.3869
2026-04-26 13:14:28,No Helmet,0,outputs/images/violation_0.jpg,30.3398,76.3869
2026-04-26 13:14:29,No Helmet,1,outputs/images/violation_1.jpg,30.3398,76.3869
2026-04-26 13:14:29,No Helmet,0,outputs/images/violation_0.jpg,30.3398,76.3869
2026-04-26 23:18:36,No Helmet,0,outputs/images/violation_0.jpg,30.3398,76.3869
2026-04-26 23:18:37,No Helmet,0,outputs/images/violation_0.jpg,30.3398,76.3869
2026-04-26 23:18:38,No Helmet,0,outputs/images/violation_0.jpg,30.3398,76.3869
2026-04-26 23:18:39,No Helmet,0,outputs/images/violation_0.jpg,30.3398,76.3869
2026-04-26 23:18:40,No Helmet,0,outputs/images/violation_0.jpg,30.3398,76.3869
2026-04-26 23:18:41,No Helmet,0,outputs/images/violation_0.jpg,30.3398,76.3869
2026-04-26 23:18:42,No Helmet,0,outputs/images/violation_0.jpg,30.3398,76.3869
2026-04-26 23:18:43,No Helmet,0,outputs/images/violation_0.jpg,30.3398,76.3869
2026-04-26 23:18:44,No Helmet,0,outputs/images/violation_0.jpg,30.3398,76.3869
2026-04-26 23:22:03,No Helmet,0,outputs/images/violation_0.jpg,30.3398,76.3869
2026-04-26 23:22:04,No Helmet,0,outputs/images/violation_0.jpg,30.3398,76.3869
2026-04-26 23:22:06,No Helmet,0,outputs/images/violation_0.jpg,30.3398,76.3869
2026-04-26 23:52:31,No Helmet,0,outputs/images/violation_0.jpg,30.3398,76.3869
2026-04-26 23:52:32,No Helmet,0,outputs/images/violation_0.jpg,30.3398,76.3869
2026-04-26 23:52:34,No Helmet,0,outputs/images/violation_0.jpg,30.3398,76.3869
2026-04-26 23:52:35,No Helmet,0,outputs/images/violation_0.jpg,30.3398,76.3869
2026-04-26 23:52:36,No Helmet,0,outputs/images/violation_0.jpg,30.3398,76.3869
2026-04-26 23:52:37,No Helmet,0,outputs/images/violation_0.jpg,30.3398,76.3869
2026-04-26 23:52:39,No Helmet,0,outputs/images/violation_0.jpg,30.3398,76.3869
2026-04-26 23:52:40,No Helmet,0,outputs/images/violation_0.jpg,30.3398,76.3869
2026-04-26 23:52:41,No Helmet,0,outputs/images/violation_0.jpg,30.3398,76.3869
2026-04-27 00:01:38,No Helmet,0,outputs/images/violation_0.jpg,30.3398,76.3869
2026-04-27 00:01:39,No Helmet,0,outputs/images/violation_0.jpg,30.3398,76.3869
2026-04-27 00:01:40,No Helmet,0,outputs/images/violation_0.jpg,30.3398,76.3869
2026-04-27 00:01:41,No Helmet,0,outputs/images/violation_0.jpg,30.3398,76.3869
2026-04-27 00:01:42,No Helmet,0,outputs/images/violation_0.jpg,30.3398,76.3869
2026-04-27 00:02:32,No Helmet,0,outputs/images/violation_0.jpg,30.3398,76.3869
2026-04-27 00:02:33,No Helmet,0,outputs/images/violation_0.jpg,30.3398,76.3869
2026-04-27 00:02:34,No Helmet,0,outputs/images/violation_0.jpg,30.3398,76.3869
2026-04-27 00:02:35,No Helmet,0,outputs/images/violation_0.jpg,30.3398,76.3869
